profile_id,persona,score,level,profile_visibility,personal_info,contact_info,location,work_edu,birthday,family,post_visibility,friends_control,tagging,third_party,authentication,mfa,password_reuse,login_alerts,unknown_requests,suspicious_links,photo_metadata,historical_posts,social_engineering
DEMO-0001,average,46,HIGH,65.0,60.0,50.0,25.0,45.0,25.0,55.0,85.0,30.0,35.0,50.0,50.0,25.0,35.0,62.5,50.0,56.2,30.0,37.5,35.0
DEMO-0002,average,63,HIGH,75.0,45.0,62.5,60.0,60.0,31.2,45.0,70.0,80.0,50.0,50.0,45.0,100.0,75.0,25.0,45.0,50.0,60.0,25.0,35.0
DEMO-0003,aware,30,MODERATE,40.0,40.0,37.5,25.0,25.0,25.0,25.0,15.0,35.0,15.0,10.0,65.0,25.0,25.0,25.0,50.0,25.0,40.0,37.5,10.0
DEMO-0004,aware,26,MODERATE,25.0,25.0,25.0,20.0,40.0,31.2,60.0,35.0,20.0,10.0,15.0,0.0,25.0,45.0,37.5,25.0,0.0,45.0,12.5,35.0
DEMO-0005,average,46,HIGH,55.0,55.0,25.0,65.0,30.0,18.8,40.0,70.0,50.0,20.0,50.0,35.0,37.5,50.0,37.5,60.0,25.0,40.0,50.0,75.0
DEMO-0006,average,49,HIGH,60.0,50.0,37.5,50.0,60.0,25.0,50.0,30.0,65.0,25.0,45.0,45.0,75.0,65.0,25.0,55.0,25.0,60.0,50.0,55.0
DEMO-0007,average,63,HIGH,75.0,90.0,75.0,40.0,65.0,37.5,75.0,80.0,50.0,25.0,40.0,65.0,62.5,65.0,62.5,65.0,43.8,35.0,25.0,35.0
DEMO-0008,average,56,HIGH,35.0,45.0,62.5,45.0,45.0,31.2,35.0,80.0,70.0,70.0,60.0,60.0,50.0,35.0,62.5,35.0,81.2,50.0,75.0,35.0
DEMO-0009,average,52,HIGH,50.0,75.0,37.5,35.0,35.0,50.0,45.0,35.0,65.0,50.0,65.0,60.0,25.0,45.0,25.0,55.0,62.5,30.0,62.5,55.0
DEMO-0010,aware,25,MODERATE,15.0,25.0,25.0,35.0,10.0,25.0,25.0,10.0,35.0,25.0,25.0,35.0,25.0,25.0,37.5,20.0,6.2,60.0,25.0,25.0
DEMO-0011,average,51,HIGH,50.0,35.0,62.5,60.0,35.0,43.8,50.0,50.0,70.0,50.0,55.0,35.0,25.0,70.0,50.0,50.0,56.2,50.0,62.5,65.0
DEMO-0012,careless,74,CRITICAL,70.0,90.0,62.5,80.0,60.0,93.8,75.0,80.0,50.0,90.0,75.0,75.0,37.5,70.0,87.5,75.0,81.2,75.0,62.5,45.0
DEMO-0013,aware,28,MODERATE,25.0,35.0,25.0,25.0,40.0,0.0,25.0,35.0,0.0,40.0,25.0,30.0,25.0,50.0,0.0,40.0,6.2,45.0,50.0,35.0
DEMO-0014,careless,89,CRITICAL,75.0,80.0,37.5,100.0,90.0,93.8,100.0,60.0,70.0,100.0,55.0,80.0,100.0,85.0,75.0,60.0,62.5,75.0,87.5,65.0
DEMO-0015,careless,98,CRITICAL,65.0,80.0,87.5,90.0,75.0,75.0,85.0,75.0,85.0,50.0,85.0,90.0,100.0,100.0,87.5,100.0,81.2,65.0,75.0,85.0
DEMO-0016,average,58,HIGH,75.0,60.0,75.0,40.0,70.0,62.5,60.0,60.0,0.0,45.0,40.0,30.0,62.5,40.0,37.5,50.0,68.8,70.0,62.5,75.0
DEMO-0017,average,48,HIGH,75.0,90.0,25.0,35.0,55.0,37.5,30.0,50.0,65.0,30.0,35.0,35.0,25.0,65.0,62.5,60.0,62.5,50.0,50.0,25.0
DEMO-0018,aware,22,MODERATE,35.0,10.0,0.0,20.0,25.0,25.0,15.0,35.0,15.0,0.0,10.0,0.0,75.0,30.0,25.0,25.0,0.0,20.0,25.0,20.0
DEMO-0019,average,59,HIGH,60.0,50.0,37.5,50.0,75.0,62.5,65.0,50.0,50.0,60.0,35.0,60.0,62.5,45.0,50.0,35.0,56.2,75.0,50.0,90.0
DEMO-0020,average,52,HIGH,60.0,75.0,37.5,40.0,60.0,31.2,75.0,50.0,65.0,40.0,45.0,55.0,37.5,60.0,37.5,40.0,43.8,50.0,62.5,75.0
DEMO-0021,hardened,7,LOW,25.0,0.0,0.0,0.0,0.0,0.0,15.0,15.0,0.0,0.0,15.0,0.0,0.0,15.0,25.0,10.0,18.8,0.0,0.0,0.0
DEMO-0022,average,48,HIGH,45.0,35.0,62.5,75.0,25.0,68.8,35.0,50.0,50.0,60.0,65.0,45.0,25.0,25.0,37.5,40.0,50.0,70.0,37.5,75.0
DEMO-0023,average,47,HIGH,55.0,35.0,25.0,55.0,45.0,31.2,40.0,35.0,70.0,45.0,35.0,35.0,25.0,35.0,50.0,50.0,87.5,50.0,75.0,75.0
DEMO-0024,aware,25,MODERATE,25.0,55.0,25.0,25.0,25.0,37.5,20.0,10.0,35.0,15.0,55.0,0.0,25.0,40.0,12.5,10.0,25.0,25.0,25.0,0.0
DEMO-0025,average,52,HIGH,65.0,45.0,75.0,75.0,50.0,50.0,65.0,20.0,65.0,30.0,75.0,45.0,12.5,45.0,62.5,45.0,50.0,45.0,50.0,35.0
DEMO-0026,careless,82,CRITICAL,80.0,85.0,75.0,90.0,70.0,56.2,80.0,70.0,85.0,100.0,85.0,75.0,37.5,85.0,62.5,70.0,75.0,60.0,50.0,90.0
DEMO-0027,hardened,8,LOW,15.0,10.0,12.5,0.0,0.0,25.0,10.0,0.0,0.0,10.0,10.0,0.0,12.5,15.0,12.5,15.0,6.2,0.0,0.0,0.0
DEMO-0028,average,59,HIGH,35.0,55.0,50.0,50.0,75.0,37.5,40.0,80.0,45.0,90.0,55.0,45.0,62.5,40.0,62.5,60.0,50.0,65.0,50.0,85.0
DEMO-0029,average,54,HIGH,40.0,50.0,62.5,65.0,50.0,31.2,55.0,65.0,50.0,60.0,55.0,65.0,37.5,75.0,75.0,50.0,18.8,50.0,62.5,75.0
DEMO-0030,average,53,HIGH,60.0,90.0,62.5,25.0,75.0,50.0,75.0,30.0,50.0,40.0,70.0,50.0,25.0,65.0,50.0,75.0,50.0,30.0,37.5,55.0
DEMO-0031,average,67,HIGH,65.0,35.0,62.5,75.0,35.0,87.5,65.0,40.0,45.0,60.0,45.0,45.0,75.0,55.0,50.0,75.0,62.5,45.0,50.0,65.0
DEMO-0032,average,58,HIGH,55.0,40.0,62.5,65.0,50.0,75.0,30.0,50.0,35.0,70.0,40.0,55.0,12.5,65.0,62.5,65.0,81.2,50.0,50.0,75.0
DEMO-0033,careless,74,CRITICAL,60.0,65.0,75.0,60.0,60.0,68.8,65.0,60.0,65.0,50.0,50.0,75.0,100.0,75.0,50.0,60.0,81.2,75.0,62.5,75.0
DEMO-0034,careless,88,CRITICAL,80.0,75.0,75.0,85.0,85.0,100.0,75.0,70.0,50.0,90.0,90.0,65.0,100.0,85.0,50.0,100.0,93.8,85.0,62.5,45.0
DEMO-0035,average,54,HIGH,55.0,55.0,50.0,65.0,50.0,68.8,40.0,35.0,35.0,40.0,45.0,60.0,37.5,50.0,50.0,75.0,56.2,90.0,50.0,75.0
DEMO-0036,aware,29,MODERATE,40.0,25.0,25.0,30.0,40.0,25.0,40.0,50.0,20.0,25.0,40.0,15.0,25.0,15.0,75.0,25.0,18.8,25.0,25.0,15.0
DEMO-0037,average,50,HIGH,50.0,35.0,37.5,55.0,60.0,25.0,65.0,35.0,50.0,40.0,40.0,50.0,37.5,50.0,37.5,50.0,50.0,65.0,75.0,45.0
DEMO-0038,careless,89,CRITICAL,50.0,100.0,62.5,80.0,100.0,100.0,65.0,75.0,65.0,60.0,90.0,75.0,100.0,75.0,87.5,40.0,68.8,60.0,75.0,90.0
DEMO-0039,hardened,7,LOW,10.0,25.0,0.0,0.0,15.0,0.0,10.0,0.0,0.0,10.0,0.0,15.0,0.0,10.0,0.0,0.0,6.2,0.0,12.5,25.0
DEMO-0040,aware,27,MODERATE,10.0,25.0,37.5,10.0,25.0,37.5,40.0,25.0,30.0,20.0,15.0,45.0,25.0,25.0,25.0,35.0,25.0,25.0,50.0,25.0
DEMO-0041,hardened,8,LOW,10.0,10.0,0.0,0.0,25.0,6.2,0.0,15.0,15.0,0.0,10.0,15.0,12.5,10.0,12.5,0.0,6.2,0.0,0.0,0.0
DEMO-0042,aware,28,MODERATE,25.0,25.0,37.5,15.0,25.0,62.5,35.0,10.0,45.0,35.0,35.0,35.0,25.0,10.0,12.5,25.0,25.0,25.0,37.5,25.0
DEMO-0043,average,49,HIGH,50.0,40.0,50.0,45.0,60.0,43.8,20.0,75.0,65.0,25.0,55.0,50.0,37.5,50.0,75.0,50.0,31.2,25.0,50.0,65.0
DEMO-0044,average,48,HIGH,50.0,40.0,50.0,50.0,50.0,81.2,75.0,30.0,65.0,35.0,50.0,65.0,37.5,40.0,37.5,35.0,31.2,35.0,50.0,55.0
DEMO-0045,average,52,HIGH,30.0,15.0,50.0,50.0,35.0,56.2,50.0,70.0,70.0,35.0,35.0,45.0,75.0,35.0,75.0,55.0,43.8,55.0,62.5,55.0
DEMO-0046,hardened,9,LOW,10.0,10.0,0.0,10.0,0.0,0.0,15.0,10.0,0.0,25.0,10.0,0.0,0.0,15.0,12.5,25.0,25.0,15.0,12.5,0.0
DEMO-0047,average,56,HIGH,75.0,65.0,25.0,75.0,55.0,93.8,60.0,10.0,65.0,50.0,50.0,20.0,75.0,45.0,50.0,35.0,68.8,75.0,50.0,75.0
DEMO-0048,average,44,HIGH,25.0,35.0,50.0,20.0,45.0,81.2,65.0,40.0,35.0,40.0,40.0,50.0,37.5,60.0,37.5,60.0,50.0,60.0,50.0,30.0
DEMO-0049,hardened,7,LOW,10.0,0.0,25.0,15.0,15.0,0.0,15.0,0.0,0.0,0.0,10.0,0.0,12.5,15.0,0.0,0.0,6.2,0.0,0.0,10.0
DEMO-0050,careless,74,CRITICAL,60.0,75.0,75.0,70.0,75.0,81.2,35.0,100.0,70.0,80.0,75.0,90.0,75.0,45.0,75.0,50.0,87.5,90.0,75.0,35.0
DEMO-0051,aware,29,MODERATE,20.0,10.0,37.5,50.0,25.0,25.0,50.0,25.0,15.0,40.0,10.0,30.0,37.5,35.0,50.0,10.0,37.5,15.0,37.5,25.0
DEMO-0052,aware,26,MODERATE,25.0,50.0,25.0,10.0,15.0,25.0,15.0,30.0,35.0,30.0,35.0,50.0,0.0,25.0,25.0,10.0,31.2,50.0,37.5,20.0
DEMO-0053,aware,29,MODERATE,45.0,15.0,37.5,10.0,45.0,43.8,40.0,25.0,15.0,10.0,30.0,35.0,25.0,30.0,12.5,25.0,62.5,20.0,12.5,35.0
DEMO-0054,careless,76,CRITICAL,80.0,65.0,87.5,75.0,90.0,50.0,90.0,75.0,50.0,60.0,50.0,80.0,37.5,45.0,87.5,80.0,75.0,100.0,87.5,55.0
DEMO-0055,careless,87,CRITICAL,75.0,90.0,87.5,65.0,75.0,75.0,75.0,90.0,30.0,50.0,75.0,100.0,75.0,80.0,87.5,85.0,100.0,85.0,75.0,65.0
DEMO-0056,average,62,HIGH,40.0,65.0,37.5,75.0,65.0,56.2,35.0,65.0,45.0,50.0,60.0,30.0,75.0,60.0,50.0,65.0,43.8,50.0,62.5,65.0
DEMO-0057,aware,24,MODERATE,15.0,25.0,37.5,25.0,10.0,50.0,0.0,10.0,35.0,30.0,20.0,30.0,25.0,15.0,12.5,35.0,43.8,50.0,0.0,20.0
DEMO-0058,careless,82,CRITICAL,85.0,90.0,75.0,85.0,90.0,87.5,70.0,100.0,65.0,100.0,80.0,75.0,37.5,85.0,87.5,60.0,87.5,65.0,75.0,75.0
DEMO-0059,average,53,HIGH,40.0,25.0,62.5,60.0,55.0,50.0,50.0,60.0,50.0,50.0,50.0,65.0,75.0,45.0,37.5,65.0,50.0,55.0,37.5,65.0
DEMO-0060,careless,83,CRITICAL,60.0,75.0,75.0,85.0,85.0,37.5,90.0,75.0,85.0,90.0,100.0,50.0,75.0,75.0,87.5,75.0,62.5,90.0,62.5,65.0
DEMO-0061,average,56,HIGH,25.0,50.0,75.0,90.0,50.0,56.2,80.0,40.0,20.0,60.0,90.0,65.0,25.0,60.0,50.0,45.0,56.2,70.0,75.0,10.0
DEMO-0062,careless,83,CRITICAL,60.0,70.0,87.5,75.0,65.0,87.5,65.0,85.0,85.0,70.0,35.0,75.0,75.0,60.0,75.0,75.0,100.0,85.0,75.0,85.0
DEMO-0063,careless,97,CRITICAL,65.0,45.0,100.0,100.0,75.0,75.0,100.0,90.0,100.0,50.0,60.0,90.0,100.0,75.0,75.0,90.0,93.8,90.0,62.5,85.0
DEMO-0064,average,44,HIGH,40.0,20.0,50.0,30.0,55.0,37.5,75.0,50.0,35.0,60.0,15.0,45.0,25.0,50.0,12.5,80.0,50.0,45.0,50.0,55.0
DEMO-0065,aware,25,MODERATE,40.0,25.0,37.5,15.0,15.0,31.2,20.0,25.0,35.0,40.0,25.0,35.0,25.0,25.0,25.0,30.0,0.0,15.0,25.0,15.0
DEMO-0066,careless,81,CRITICAL,65.0,90.0,75.0,90.0,60.0,75.0,75.0,70.0,85.0,60.0,65.0,80.0,37.5,85.0,87.5,55.0,100.0,50.0,75.0,85.0
DEMO-0067,average,47,HIGH,50.0,35.0,50.0,40.0,35.0,87.5,80.0,60.0,30.0,50.0,20.0,50.0,75.0,45.0,37.5,15.0,37.5,15.0,62.5,55.0
DEMO-0068,careless,82,CRITICAL,45.0,70.0,62.5,80.0,75.0,68.8,65.0,65.0,85.0,50.0,75.0,50.0,100.0,75.0,87.5,75.0,50.0,100.0,25.0,45.0
DEMO-0069,aware,24,MODERATE,25.0,15.0,12.5,10.0,40.0,62.5,25.0,25.0,20.0,15.0,35.0,35.0,12.5,30.0,25.0,30.0,6.2,20.0,12.5,25.0
DEMO-0070,careless,77,CRITICAL,85.0,85.0,62.5,75.0,85.0,50.0,45.0,90.0,65.0,80.0,30.0,85.0,75.0,65.0,87.5,50.0,68.8,60.0,62.5,75.0
DEMO-0071,average,51,HIGH,55.0,65.0,50.0,30.0,40.0,56.2,35.0,40.0,35.0,50.0,45.0,50.0,62.5,35.0,75.0,25.0,50.0,45.0,37.5,65.0
DEMO-0072,aware,21,MODERATE,10.0,0.0,37.5,35.0,15.0,31.2,10.0,10.0,15.0,30.0,55.0,15.0,0.0,30.0,25.0,20.0,6.2,25.0,0.0,65.0
DEMO-0073,average,49,HIGH,50.0,50.0,50.0,65.0,40.0,31.2,45.0,45.0,65.0,30.0,50.0,75.0,37.5,50.0,37.5,50.0,68.8,65.0,37.5,25.0
DEMO-0074,average,48,HIGH,45.0,50.0,75.0,35.0,65.0,50.0,60.0,60.0,35.0,35.0,60.0,50.0,25.0,60.0,75.0,20.0,56.2,50.0,25.0,35.0
DEMO-0075,aware,28,MODERATE,30.0,35.0,25.0,35.0,40.0,43.8,40.0,15.0,15.0,35.0,25.0,20.0,12.5,40.0,25.0,30.0,31.2,50.0,12.5,25.0
DEMO-0076,careless,88,CRITICAL,85.0,60.0,62.5,85.0,60.0,100.0,75.0,80.0,100.0,70.0,90.0,60.0,75.0,90.0,37.5,75.0,75.0,85.0,87.5,90.0
DEMO-0077,average,53,HIGH,50.0,50.0,62.5,75.0,65.0,56.2,70.0,60.0,55.0,50.0,20.0,65.0,25.0,55.0,25.0,45.0,56.2,40.0,37.5,75.0
DEMO-0078,careless,76,CRITICAL,85.0,65.0,75.0,75.0,85.0,37.5,75.0,65.0,85.0,50.0,60.0,60.0,62.5,75.0,75.0,60.0,75.0,65.0,62.5,35.0
DEMO-0079,aware,28,MODERATE,15.0,25.0,37.5,35.0,25.0,43.8,25.0,25.0,35.0,25.0,25.0,35.0,25.0,30.0,37.5,25.0,31.2,10.0,0.0,35.0
DEMO-0080,average,42,HIGH,85.0,25.0,0.0,45.0,30.0,43.8,40.0,35.0,65.0,25.0,60.0,50.0,37.5,10.0,37.5,50.0,43.8,75.0,37.5,45.0
DEMO-0081,average,55,HIGH,90.0,35.0,75.0,60.0,35.0,62.5,40.0,10.0,50.0,45.0,25.0,65.0,37.5,55.0,75.0,35.0,62.5,35.0,50.0,75.0
DEMO-0082,aware,24,MODERATE,35.0,15.0,12.5,20.0,30.0,18.8,25.0,20.0,15.0,25.0,15.0,45.0,12.5,15.0,25.0,30.0,31.2,50.0,25.0,25.0
DEMO-0083,careless,89,CRITICAL,75.0,75.0,75.0,50.0,100.0,62.5,70.0,75.0,70.0,90.0,70.0,65.0,100.0,85.0,87.5,75.0,75.0,80.0,62.5,85.0
DEMO-0084,aware,25,MODERATE,25.0,30.0,37.5,15.0,50.0,31.2,40.0,40.0,15.0,35.0,35.0,15.0,12.5,20.0,25.0,15.0,31.2,25.0,25.0,0.0
DEMO-0085,average,54,HIGH,50.0,85.0,50.0,65.0,25.0,68.8,40.0,35.0,55.0,60.0,45.0,50.0,37.5,60.0,62.5,70.0,75.0,55.0,25.0,65.0
DEMO-0086,aware,21,MODERATE,0.0,10.0,12.5,30.0,40.0,25.0,15.0,35.0,0.0,10.0,15.0,35.0,25.0,10.0,25.0,30.0,25.0,25.0,25.0,25.0
DEMO-0087,aware,26,MODERATE,10.0,40.0,25.0,35.0,30.0,6.2,35.0,40.0,15.0,40.0,40.0,20.0,25.0,25.0,25.0,15.0,6.2,40.0,25.0,25.0
DEMO-0088,average,58,HIGH,30.0,60.0,75.0,75.0,50.0,50.0,50.0,35.0,65.0,60.0,80.0,65.0,75.0,35.0,75.0,35.0,37.5,15.0,37.5,75.0
DEMO-0089,average,44,HIGH,25.0,55.0,62.5,40.0,25.0,6.2,40.0,20.0,85.0,50.0,65.0,50.0,12.5,50.0,75.0,35.0,37.5,50.0,62.5,55.0
DEMO-0090,average,48,HIGH,50.0,60.0,37.5,70.0,80.0,31.2,50.0,65.0,30.0,70.0,50.0,30.0,25.0,30.0,37.5,30.0,31.2,60.0,62.5,75.0
DEMO-0091,careless,80,CRITICAL,70.0,85.0,50.0,90.0,65.0,75.0,75.0,90.0,50.0,70.0,90.0,75.0,75.0,50.0,50.0,70.0,100.0,60.0,87.5,75.0
DEMO-0092,careless,78,CRITICAL,75.0,90.0,62.5,50.0,85.0,75.0,90.0,65.0,50.0,80.0,75.0,100.0,37.5,60.0,87.5,85.0,87.5,85.0,62.5,90.0
DEMO-0093,aware,17,LOW,0.0,10.0,25.0,25.0,15.0,25.0,0.0,40.0,15.0,0.0,15.0,15.0,25.0,15.0,25.0,15.0,25.0,10.0,12.5,15.0
DEMO-0094,careless,90,CRITICAL,85.0,45.0,62.5,65.0,60.0,93.8,75.0,75.0,85.0,70.0,60.0,80.0,100.0,60.0,100.0,100.0,100.0,85.0,75.0,75.0
DEMO-0095,average,53,HIGH,30.0,45.0,87.5,65.0,35.0,31.2,65.0,40.0,0.0,35.0,75.0,55.0,37.5,80.0,62.5,50.0,50.0,40.0,50.0,65.0
DEMO-0096,average,51,HIGH,45.0,30.0,62.5,45.0,35.0,56.2,60.0,25.0,80.0,50.0,75.0,50.0,37.5,60.0,50.0,60.0,50.0,60.0,25.0,70.0
DEMO-0097,aware,21,MODERATE,0.0,35.0,12.5,15.0,25.0,6.2,10.0,20.0,15.0,10.0,25.0,20.0,25.0,35.0,37.5,40.0,6.2,35.0,50.0,15.0
DEMO-0098,aware,21,MODERATE,50.0,25.0,25.0,10.0,25.0,25.0,25.0,40.0,35.0,25.0,0.0,30.0,0.0,10.0,0.0,25.0,25.0,25.0,12.5,0.0
DEMO-0099,careless,79,CRITICAL,85.0,60.0,87.5,65.0,60.0,81.2,70.0,55.0,65.0,100.0,90.0,60.0,37.5,85.0,25.0,75.0,100.0,65.0,87.5,85.0
DEMO-0100,hardened,7,LOW,0.0,15.0,12.5,0.0,15.0,18.8,15.0,0.0,15.0,0.0,10.0,0.0,0.0,15.0,12.5,0.0,6.2,0.0,0.0,15.0
DEMO-0101,aware,29,MODERATE,15.0,40.0,50.0,25.0,50.0,18.8,25.0,25.0,20.0,50.0,15.0,20.0,12.5,40.0,25.0,25.0,43.8,25.0,37.5,25.0
DEMO-0102,hardened,4,LOW,15.0,0.0,12.5,0.0,0.0,0.0,0.0,0.0,15.0,0.0,0.0,0.0,0.0,0.0,0.0,0.0,0.0,0.0,12.5,15.0
DEMO-0103,careless,94,CRITICAL,65.0,75.0,62.5,75.0,60.0,81.2,100.0,75.0,70.0,60.0,90.0,75.0,100.0,100.0,87.5,65.0,100.0,60.0,62.5,90.0
DEMO-0104,careless,89,CRITICAL,55.0,85.0,87.5,75.0,85.0,100.0,70.0,85.0,85.0,60.0,60.0,65.0,100.0,75.0,75.0,60.0,75.0,80.0,62.5,75.0
DEMO-0105,average,51,HIGH,50.0,55.0,62.5,75.0,60.0,31.2,10.0,40.0,50.0,40.0,55.0,15.0,62.5,75.0,87.5,50.0,31.2,25.0,50.0,35.0
DEMO-0106,average,52,HIGH,70.0,45.0,50.0,45.0,50.0,62.5,65.0,25.0,50.0,90.0,65.0,0.0,37.5,65.0,62.5,60.0,87.5,45.0,50.0,45.0
DEMO-0107,average,55,HIGH,55.0,70.0,50.0,35.0,60.0,56.2,65.0,50.0,50.0,40.0,60.0,60.0,62.5,70.0,37.5,45.0,68.8,35.0,75.0,35.0
DEMO-0108,careless,92,CRITICAL,65.0,90.0,62.5,90.0,80.0,56.2,90.0,60.0,100.0,60.0,70.0,70.0,100.0,75.0,75.0,90.0,75.0,60.0,75.0,85.0
DEMO-0109,careless,80,CRITICAL,65.0,80.0,100.0,90.0,75.0,93.8,60.0,65.0,70.0,100.0,50.0,60.0,62.5,90.0,50.0,100.0,56.2,90.0,75.0,55.0
DEMO-0110,average,44,HIGH,25.0,50.0,37.5,35.0,55.0,56.2,55.0,30.0,70.0,50.0,35.0,50.0,37.5,55.0,37.5,20.0,25.0,60.0,50.0,55.0
DEMO-0111,hardened,6,LOW,0.0,15.0,0.0,0.0,0.0,0.0,0.0,15.0,0.0,15.0,15.0,15.0,12.5,0.0,0.0,15.0,0.0,0.0,12.5,0.0
DEMO-0112,average,50,HIGH,65.0,55.0,37.5,65.0,50.0,50.0,60.0,55.0,70.0,50.0,45.0,60.0,37.5,25.0,50.0,55.0,25.0,40.0,62.5,55.0
DEMO-0113,average,52,HIGH,80.0,60.0,37.5,50.0,65.0,75.0,35.0,40.0,35.0,20.0,35.0,50.0,25.0,40.0,87.5,35.0,87.5,70.0,50.0,75.0
DEMO-0114,average,54,HIGH,50.0,35.0,75.0,70.0,60.0,43.8,50.0,50.0,50.0,70.0,30.0,75.0,37.5,50.0,25.0,60.0,56.2,40.0,50.0,85.0
DEMO-0115,careless,80,CRITICAL,65.0,65.0,87.5,70.0,90.0,87.5,75.0,65.0,50.0,50.0,70.0,90.0,100.0,55.0,87.5,90.0,50.0,60.0,75.0,75.0
DEMO-0116,average,55,HIGH,35.0,60.0,62.5,50.0,50.0,68.8,40.0,75.0,85.0,70.0,25.0,50.0,100.0,35.0,62.5,50.0,25.0,65.0,62.5,45.0
DEMO-0117,average,48,HIGH,25.0,35.0,62.5,60.0,45.0,62.5,30.0,65.0,65.0,50.0,50.0,35.0,75.0,25.0,37.5,50.0,50.0,50.0,50.0,35.0
DEMO-0118,average,57,HIGH,85.0,60.0,37.5,70.0,50.0,25.0,35.0,60.0,80.0,50.0,65.0,50.0,37.5,40.0,75.0,45.0,75.0,25.0,62.5,85.0
DEMO-0119,average,52,HIGH,60.0,50.0,75.0,65.0,50.0,43.8,30.0,65.0,50.0,40.0,80.0,60.0,25.0,25.0,50.0,55.0,50.0,45.0,62.5,65.0
DEMO-0120,average,46,HIGH,35.0,65.0,50.0,50.0,80.0,50.0,55.0,40.0,20.0,25.0,40.0,50.0,12.5,50.0,12.5,50.0,81.2,15.0,50.0,65.0
DEMO-0121,average,48,HIGH,55.0,35.0,25.0,50.0,35.0,56.2,40.0,65.0,35.0,45.0,50.0,65.0,25.0,40.0,75.0,40.0,62.5,35.0,62.5,65.0
DEMO-0122,average,46,HIGH,10.0,40.0,25.0,50.0,60.0,12.5,25.0,0.0,60.0,50.0,50.0,60.0,25.0,55.0,37.5,90.0,93.8,40.0,37.5,25.0
DEMO-0123,average,44,HIGH,80.0,25.0,50.0,60.0,65.0,50.0,65.0,40.0,35.0,60.0,50.0,20.0,62.5,40.0,25.0,0.0,12.5,50.0,87.5,25.0
DEMO-0124,aware,29,MODERATE,40.0,50.0,50.0,25.0,25.0,12.5,15.0,25.0,30.0,25.0,20.0,50.0,12.5,30.0,25.0,40.0,12.5,40.0,12.5,35.0
DEMO-0125,average,46,HIGH,50.0,50.0,50.0,45.0,40.0,37.5,65.0,40.0,35.0,70.0,40.0,50.0,25.0,60.0,75.0,50.0,68.8,20.0,50.0,15.0
DEMO-0126,careless,78,CRITICAL,75.0,90.0,62.5,35.0,65.0,93.8,100.0,65.0,70.0,90.0,70.0,85.0,62.5,60.0,75.0,70.0,68.8,60.0,75.0,75.0
DEMO-0127,average,41,HIGH,40.0,55.0,25.0,50.0,75.0,18.8,45.0,35.0,15.0,50.0,60.0,60.0,25.0,30.0,37.5,60.0,31.2,50.0,50.0,25.0
DEMO-0128,average,48,HIGH,50.0,25.0,50.0,45.0,75.0,50.0,50.0,55.0,50.0,25.0,50.0,65.0,37.5,65.0,50.0,45.0,31.2,60.0,37.5,55.0
DEMO-0129,aware,24,MODERATE,30.0,20.0,0.0,40.0,25.0,6.2,25.0,25.0,0.0,25.0,25.0,15.0,12.5,25.0,50.0,35.0,50.0,15.0,37.5,25.0
DEMO-0130,average,54,HIGH,50.0,75.0,62.5,25.0,35.0,50.0,85.0,75.0,50.0,100.0,20.0,60.0,75.0,50.0,37.5,35.0,37.5,50.0,12.5,75.0
DEMO-0131,hardened,7,LOW,0.0,15.0,12.5,10.0,0.0,0.0,0.0,15.0,15.0,10.0,0.0,0.0,12.5,15.0,12.5,0.0,6.2,10.0,12.5,0.0
DEMO-0132,aware,24,MODERATE,10.0,10.0,37.5,0.0,40.0,18.8,40.0,35.0,35.0,40.0,30.0,15.0,12.5,25.0,12.5,10.0,50.0,35.0,37.5,15.0
DEMO-0133,average,47,HIGH,60.0,45.0,37.5,25.0,70.0,62.5,40.0,50.0,50.0,45.0,65.0,20.0,62.5,50.0,62.5,35.0,68.8,60.0,37.5,0.0
DEMO-0134,careless,78,CRITICAL,85.0,45.0,87.5,60.0,90.0,93.8,90.0,60.0,85.0,90.0,75.0,90.0,75.0,80.0,75.0,55.0,75.0,75.0,75.0,55.0
DEMO-0135,average,50,HIGH,45.0,75.0,50.0,45.0,80.0,68.8,25.0,35.0,45.0,25.0,60.0,35.0,37.5,65.0,75.0,50.0,68.8,65.0,25.0,35.0
DEMO-0136,hardened,8,LOW,15.0,0.0,0.0,0.0,10.0,25.0,15.0,25.0,0.0,10.0,10.0,0.0,0.0,10.0,0.0,0.0,18.8,15.0,12.5,0.0
DEMO-0137,average,50,HIGH,45.0,25.0,50.0,40.0,30.0,50.0,45.0,65.0,50.0,50.0,50.0,35.0,75.0,40.0,37.5,60.0,62.5,65.0,37.5,25.0
DEMO-0138,average,48,HIGH,70.0,60.0,25.0,10.0,55.0,50.0,50.0,55.0,35.0,55.0,65.0,20.0,37.5,60.0,37.5,65.0,75.0,55.0,37.5,45.0
DEMO-0139,aware,23,MODERATE,0.0,40.0,25.0,10.0,25.0,18.8,15.0,25.0,35.0,15.0,15.0,50.0,25.0,30.0,37.5,15.0,0.0,10.0,37.5,25.0
DEMO-0140,average,47,HIGH,50.0,55.0,50.0,45.0,55.0,50.0,60.0,45.0,30.0,45.0,40.0,65.0,12.5,50.0,37.5,40.0,50.0,60.0,50.0,55.0
DEMO-0141,average,51,HIGH,90.0,50.0,75.0,30.0,65.0,37.5,80.0,75.0,50.0,30.0,20.0,35.0,37.5,60.0,37.5,15.0,50.0,50.0,75.0,55.0
DEMO-0142,average,51,HIGH,50.0,65.0,62.5,35.0,60.0,75.0,35.0,45.0,45.0,60.0,60.0,30.0,37.5,50.0,62.5,60.0,18.8,35.0,75.0,75.0
DEMO-0143,average,49,HIGH,10.0,40.0,37.5,65.0,45.0,50.0,65.0,65.0,35.0,50.0,50.0,35.0,25.0,75.0,62.5,60.0,18.8,60.0,62.5,45.0
DEMO-0144,average,49,HIGH,30.0,50.0,37.5,60.0,65.0,75.0,35.0,65.0,50.0,60.0,60.0,50.0,62.5,40.0,12.5,50.0,31.2,40.0,25.0,55.0
DEMO-0145,aware,25,MODERATE,15.0,35.0,25.0,30.0,50.0,0.0,50.0,15.0,35.0,40.0,15.0,35.0,12.5,15.0,25.0,0.0,37.5,10.0,50.0,10.0
DEMO-0146,average,56,HIGH,55.0,55.0,50.0,25.0,55.0,43.8,75.0,65.0,80.0,60.0,50.0,35.0,62.5,40.0,50.0,45.0,56.2,55.0,75.0,35.0
DEMO-0147,hardened,6,LOW,25.0,10.0,0.0,15.0,10.0,0.0,0.0,0.0,0.0,0.0,0.0,0.0,0.0,0.0,25.0,10.0,6.2,25.0,0.0,0.0
DEMO-0148,average,53,HIGH,60.0,50.0,25.0,55.0,65.0,37.5,60.0,50.0,50.0,60.0,65.0,60.0,25.0,75.0,75.0,50.0,56.2,35.0,62.5,45.0
DEMO-0149,careless,89,CRITICAL,100.0,80.0,75.0,70.0,75.0,62.5,100.0,65.0,65.0,50.0,75.0,50.0,100.0,65.0,75.0,65.0,87.5,90.0,62.5,65.0
DEMO-0150,average,52,HIGH,30.0,25.0,50.0,75.0,55.0,68.8,60.0,35.0,85.0,50.0,80.0,60.0,12.5,25.0,75.0,60.0,62.5,25.0,62.5,75.0
DEMO-0151,aware,25,MODERATE,10.0,25.0,25.0,15.0,35.0,18.8,30.0,35.0,15.0,35.0,0.0,45.0,37.5,35.0,25.0,35.0,6.2,10.0,37.5,25.0
DEMO-0152,aware,33,MODERATE,25.0,15.0,50.0,25.0,25.0,43.8,25.0,40.0,35.0,20.0,40.0,50.0,37.5,40.0,25.0,30.0,25.0,25.0,37.5,45.0
DEMO-0153,aware,26,MODERATE,25.0,15.0,12.5,20.0,50.0,31.2,10.0,25.0,30.0,15.0,25.0,15.0,25.0,25.0,12.5,35.0,31.2,40.0,37.5,35.0
DEMO-0154,aware,25,MODERATE,40.0,15.0,0.0,15.0,35.0,31.2,15.0,40.0,50.0,15.0,15.0,15.0,12.5,15.0,25.0,50.0,31.2,30.0,25.0,25.0
DEMO-0155,average,48,HIGH,40.0,10.0,75.0,45.0,15.0,50.0,65.0,75.0,50.0,70.0,55.0,45.0,37.5,45.0,50.0,60.0,56.2,70.0,62.5,25.0
DEMO-0156,hardened,6,LOW,15.0,15.0,0.0,10.0,0.0,0.0,0.0,0.0,15.0,0.0,0.0,0.0,0.0,25.0,12.5,0.0,0.0,15.0,0.0,10.0
DEMO-0157,average,46,HIGH,35.0,35.0,50.0,65.0,15.0,81.2,60.0,20.0,50.0,70.0,25.0,50.0,37.5,65.0,37.5,65.0,31.2,55.0,62.5,35.0
DEMO-0158,careless,85,CRITICAL,85.0,65.0,75.0,100.0,90.0,56.2,60.0,70.0,80.0,60.0,75.0,90.0,100.0,60.0,50.0,85.0,93.8,45.0,87.5,80.0
DEMO-0159,hardened,5,LOW,0.0,0.0,0.0,0.0,0.0,0.0,0.0,0.0,15.0,0.0,0.0,0.0,12.5,15.0,0.0,10.0,18.8,15.0,12.5,0.0
DEMO-0160,careless,89,CRITICAL,70.0,75.0,75.0,75.0,90.0,75.0,85.0,85.0,65.0,90.0,75.0,75.0,100.0,75.0,62.5,70.0,81.2,55.0,75.0,75.0
DEMO-0161,careless,72,CRITICAL,80.0,50.0,62.5,60.0,60.0,93.8,70.0,65.0,70.0,60.0,60.0,65.0,75.0,90.0,87.5,90.0,75.0,60.0,75.0,35.0
DEMO-0162,careless,79,CRITICAL,60.0,50.0,87.5,90.0,90.0,75.0,50.0,80.0,100.0,90.0,80.0,50.0,62.5,65.0,87.5,60.0,81.2,60.0,75.0,75.0
DEMO-0163,average,56,HIGH,55.0,15.0,50.0,50.0,45.0,56.2,65.0,40.0,70.0,90.0,50.0,30.0,62.5,80.0,75.0,60.0,50.0,60.0,62.5,35.0
DEMO-0164,hardened,6,LOW,0.0,0.0,0.0,0.0,15.0,0.0,0.0,0.0,0.0,0.0,25.0,15.0,0.0,0.0,25.0,15.0,18.8,0.0,12.5,0.0
DEMO-0165,average,46,HIGH,85.0,40.0,12.5,40.0,50.0,50.0,45.0,45.0,55.0,40.0,50.0,20.0,62.5,35.0,37.5,35.0,37.5,60.0,50.0,65.0
DEMO-0166,average,55,HIGH,65.0,65.0,50.0,70.0,35.0,56.2,45.0,30.0,35.0,50.0,90.0,45.0,37.5,50.0,62.5,45.0,68.8,25.0,37.5,55.0
DEMO-0167,hardened,9,LOW,0.0,15.0,0.0,0.0,10.0,0.0,0.0,25.0,15.0,25.0,0.0,15.0,0.0,0.0,12.5,0.0,25.0,10.0,12.5,10.0
DEMO-0168,hardened,7,LOW,0.0,0.0,0.0,0.0,0.0,6.2,0.0,25.0,0.0,15.0,0.0,0.0,12.5,15.0,12.5,0.0,18.8,0.0,12.5,15.0
DEMO-0169,average,47,HIGH,65.0,55.0,50.0,50.0,25.0,68.8,35.0,45.0,35.0,40.0,45.0,60.0,37.5,35.0,50.0,60.0,56.2,55.0,50.0,35.0
DEMO-0170,average,46,HIGH,35.0,45.0,25.0,40.0,40.0,31.2,50.0,45.0,70.0,50.0,75.0,35.0,37.5,60.0,25.0,45.0,68.8,65.0,50.0,35.0
DEMO-0171,average,54,HIGH,65.0,65.0,37.5,70.0,50.0,87.5,25.0,55.0,50.0,50.0,25.0,90.0,100.0,10.0,37.5,50.0,62.5,60.0,25.0,35.0
DEMO-0172,careless,81,CRITICAL,65.0,85.0,62.5,75.0,75.0,93.8,80.0,60.0,65.0,90.0,60.0,75.0,75.0,65.0,75.0,75.0,87.5,60.0,87.5,35.0
DEMO-0173,average,50,HIGH,60.0,75.0,37.5,65.0,65.0,50.0,35.0,55.0,50.0,50.0,70.0,35.0,37.5,60.0,62.5,50.0,37.5,40.0,62.5,15.0
DEMO-0174,average,59,HIGH,85.0,70.0,37.5,65.0,55.0,50.0,65.0,60.0,65.0,70.0,75.0,35.0,37.5,75.0,87.5,40.0,50.0,35.0,50.0,25.0
DEMO-0175,careless,86,CRITICAL,65.0,90.0,87.5,85.0,60.0,43.8,75.0,75.0,85.0,70.0,90.0,90.0,25.0,100.0,50.0,100.0,68.8,60.0,100.0,90.0
DEMO-0176,average,47,HIGH,35.0,50.0,62.5,75.0,40.0,25.0,65.0,60.0,0.0,30.0,40.0,35.0,25.0,50.0,25.0,75.0,31.2,50.0,50.0,45.0
DEMO-0177,aware,27,MODERATE,20.0,40.0,37.5,40.0,15.0,0.0,40.0,40.0,15.0,15.0,25.0,50.0,12.5,35.0,50.0,0.0,43.8,25.0,25.0,10.0
DEMO-0178,careless,91,CRITICAL,75.0,50.0,62.5,65.0,100.0,100.0,85.0,70.0,80.0,60.0,75.0,75.0,100.0,65.0,75.0,60.0,81.2,90.0,100.0,75.0
DEMO-0179,average,44,HIGH,90.0,25.0,62.5,40.0,50.0,56.2,35.0,10.0,35.0,50.0,55.0,50.0,25.0,40.0,62.5,60.0,56.2,40.0,25.0,25.0
DEMO-0180,aware,25,MODERATE,35.0,35.0,12.5,25.0,25.0,25.0,40.0,25.0,20.0,25.0,10.0,0.0,12.5,0.0,12.5,40.0,43.8,25.0,25.0,55.0
DEMO-0181,average,55,HIGH,55.0,55.0,62.5,55.0,25.0,25.0,75.0,45.0,50.0,40.0,50.0,35.0,37.5,50.0,50.0,65.0,75.0,65.0,62.5,65.0
DEMO-0182,hardened,9,LOW,0.0,0.0,25.0,25.0,10.0,0.0,15.0,15.0,15.0,30.0,0.0,15.0,0.0,0.0,0.0,10.0,18.8,0.0,0.0,0.0
DEMO-0183,average,50,HIGH,20.0,30.0,37.5,50.0,60.0,68.8,30.0,35.0,65.0,45.0,60.0,45.0,75.0,70.0,50.0,50.0,31.2,50.0,62.5,70.0
DEMO-0184,average,54,HIGH,60.0,65.0,25.0,65.0,40.0,68.8,25.0,60.0,65.0,50.0,10.0,65.0,25.0,70.0,62.5,60.0,62.5,75.0,62.5,65.0
DEMO-0185,average,52,HIGH,60.0,70.0,62.5,50.0,35.0,81.2,50.0,65.0,35.0,70.0,25.0,50.0,37.5,60.0,62.5,50.0,68.8,35.0,50.0,25.0
DEMO-0186,aware,25,MODERATE,60.0,35.0,75.0,25.0,25.0,37.5,35.0,15.0,50.0,25.0,25.0,15.0,0.0,0.0,12.5,15.0,6.2,15.0,12.5,15.0
DEMO-0187,aware,29,MODERATE,20.0,40.0,37.5,20.0,15.0,25.0,50.0,10.0,50.0,35.0,10.0,35.0,25.0,25.0,25.0,25.0,43.8,20.0,25.0,35.0
DEMO-0188,aware,26,MODERATE,50.0,35.0,37.5,15.0,0.0,31.2,25.0,25.0,15.0,25.0,0.0,0.0,62.5,15.0,25.0,25.0,6.2,25.0,25.0,55.0
DEMO-0189,careless,73,CRITICAL,60.0,90.0,100.0,50.0,80.0,62.5,75.0,75.0,80.0,50.0,55.0,100.0,75.0,90.0,37.5,70.0,93.8,90.0,87.5,35.0
DEMO-0190,aware,21,MODERATE,30.0,25.0,37.5,15.0,10.0,18.8,35.0,0.0,30.0,35.0,25.0,35.0,12.5,10.0,25.0,25.0,0.0,40.0,12.5,15.0
DEMO-0191,hardened,7,LOW,0.0,15.0,12.5,15.0,10.0,6.2,0.0,0.0,15.0,0.0,10.0,15.0,0.0,10.0,0.0,10.0,18.8,0.0,0.0,0.0
DEMO-0192,hardened,3,LOW,0.0,15.0,0.0,0.0,0.0,6.2,10.0,0.0,0.0,0.0,10.0,0.0,0.0,0.0,12.5,0.0,6.2,15.0,0.0,0.0
DEMO-0193,average,53,HIGH,35.0,45.0,75.0,55.0,20.0,6.2,65.0,40.0,45.0,25.0,50.0,55.0,25.0,40.0,37.5,45.0,68.8,55.0,62.5,75.0
DEMO-0194,average,49,HIGH,35.0,60.0,62.5,60.0,85.0,68.8,65.0,25.0,50.0,25.0,25.0,35.0,37.5,60.0,62.5,40.0,56.2,50.0,12.5,75.0
DEMO-0195,careless,82,CRITICAL,65.0,65.0,62.5,100.0,75.0,68.8,85.0,45.0,50.0,90.0,75.0,50.0,75.0,50.0,75.0,90.0,75.0,80.0,87.5,100.0
DEMO-0196,aware,25,MODERATE,25.0,40.0,25.0,15.0,40.0,50.0,20.0,25.0,35.0,50.0,15.0,0.0,0.0,25.0,0.0,25.0,18.8,50.0,50.0,25.0
DEMO-0197,aware,26,MODERATE,20.0,25.0,12.5,15.0,35.0,0.0,25.0,25.0,35.0,25.0,25.0,50.0,25.0,40.0,37.5,10.0,37.5,25.0,37.5,10.0
DEMO-0198,hardened,7,LOW,0.0,10.0,0.0,10.0,10.0,0.0,25.0,15.0,0.0,0.0,0.0,0.0,0.0,0.0,12.5,15.0,25.0,0.0,12.5,0.0
DEMO-0199,average,44,HIGH,60.0,45.0,37.5,65.0,40.0,37.5,40.0,45.0,35.0,50.0,15.0,45.0,37.5,25.0,25.0,75.0,50.0,60.0,87.5,10.0
DEMO-0200,aware,23,MODERATE,25.0,25.0,0.0,35.0,30.0,18.8,10.0,55.0,15.0,25.0,25.0,0.0,25.0,25.0,37.5,25.0,25.0,15.0,25.0,10.0
